Coordinate	REF	ALT	QUAL	FILTER
chr1:26127202	T	GACATCTTTGTGTTACTGCTCCAAAGCGCCGTGAAATCCCGCTGACTCCTGGCTATTATAATTATATGTGTATGTATGTATTACATATACGTGAGTGTGTGCTTGGCGTCGATGAATTGTATAGGTTAAGTCATGTTCTGACCCACTGGAACGACCTTTTTATACCTTATAGA	314	PASS
chr1:155618630	G	GACATCTTTGTGTTACTGCTCCAAAGCGCCGTGAAATCCCGCTGACTCCTGGCTATTATAATTATATGTGTATGTATGTATTACATATACGTGAGTGTGTGCTTGGCGTCGATGAATTGTATAGGTTAAGTCATGTTCTGACCCACTGGAACGACCTTTTTATACCTTATAGA	224	PASS
chr1:156094367	T	GACATCTTTGTGTTACTGCTCCAAAGCGCCGTGAAATCCCGCTGACTCCTGGCTATTATAATTATATGTGTATGTATGTATTACATATACGTGAGTGTGTGCTTGGCGTCGATGAATTGTATAGGTTAAGTCATGTTCTGACCCACTGGAACGACCTTTTTATACCTTATAGA	192	PASS
chr1:235638758	G	GACATCTTTGTGTTACTGCTCCAAAGCGCCGTGAAATCCCGCTGACTCCTGGCTATTATAATTATATGTGTATGTATGTATTACATATACGTGAGTGTGTGCTTGGCGTCGATGAATTGTATAGGTTAAGTCATGTTCTGACCCACTGGAACGACCTTTTTATACCTTATAGA	277	PASS
chr2:71703968	T	GACATCTTTGTGTTACTGCTCCAAAGCGCCGTGAAATCCCGCTGACTCCTGGCTATTATAATTATATGTGTATGTATGTATTACATATACGTGAGTGTGTGCTTGGCGTCGATGAATTGTATAGGTTAAGTCATGTTCTGACCCACTGGAACGACCTTTTTATACCTTATAGA	297	PASS
chr2:71734431	G	GACATCTTTGTGTTACTGCTCCAAAGCGCCGTGAAATCCCGCTGACTCCTGGCTATTATAATTATATGTGTATGTATGTATTACATATACGTGAGTGTGTGCTTGGCGTCGATGAATTGTATAGGTTAAGTCATGTTCTGACCCACTGGAACGACCTTTTTATACCTTATAGA	143	PASS
chr2:71762232	C	GACATCTTTGTGTTACTGCTCCAAAGCGCCGTGAAATCCCGCTGACTCCTGGCTATTATAATTATATGTGTATGTATGTATTACATATACGTGAGTGTGTGCTTGGCGTCGATGAATTGTATAGGTTAAGTCATGTTCTGACCCACTGGAACGACCTTTTTATACCTTATAGA	173	PASS
chr2:71835395	C	GACATCTTTGTGTTACTGCTCCAAAGCGCCGTGAAATCCCGCTGACTCCTGGCTATTATAATTATATGTGTATGTATGTATTACATATACGTGAGTGTGTGCTTGGCGTCGATGAATTGTATAGGTTAAGTCATGTTCTGACCCACTGGAACGACCTTTTTATACCTTATAGA	380	PASS
chr2:71881226	A	GACATCTTTGTGTTACTGCTCCAAAGCGCCGTGAAATCCCGCTGACTCCTGGCTATTATAATTATATGTGTATGTATGTATTACATATACGTGAGTGTGTGCTTGGCGTCGATGAATTGTATAGGTTAAGTCATGTTCTGACCCACTGGAACGACCTTTTTATACCTTATAGA	688	PASS
chr2:238243375	C	GACATCTTTGTGTTACTGCTCCAAAGCGCCGTGAAATCCCGCTGACTCCTGGCTATTATAATTATATGTGTATGTATGTATTACATATACGTGAGTGTGTGCTTGGCGTCGATGAATTGTATAGGTTAAGTCATGTTCTGACCCACTGGAACGACCTTTTTATACCTTATAGA	137	PASS
chr4:184602307	A	GACATCTTTGTGTTACTGCTCCAAAGCGCCGTGAAATCCCGCTGACTCCTGGCTATTATAATTATATGTGTATGTATGTATTACATATACGTGAGTGTGTGCTTGGCGTCGATGAATTGTATAGGTTAAGTCATGTTCTGACCCACTGGAACGACCTTTTTATACCTTATAGA	200	PASS
chr5:138420072	C	GACATCTTTGTGTTACTGCTCCAAAGCGCCGTGAAATCCCGCTGACTCCTGGCTATTATAATTATATGTGTATGTATGTATTACATATACGTGAGTGTGTGCTTGGCGTCGATGAATTGTATAGGTTAAGTCATGTTCTGACCCACTGGAACGACCTTTTTATACCTTATAGA	63	PASS
chr5:138517485	C	GACATCTTTGTGTTACTGCTCCAAAGCGCCGTGAAATCCCGCTGACTCCTGGCTATTATAATTATATGTGTATGTATGTATTACATATACGTGAGTGTGTGCTTGGCGTCGATGAATTGTATAGGTTAAGTCATGTTCTGACCCACTGGAACGACCTTTTTATACCTTATAGA	183	PASS
chr6:75817880	C	GACATCTTTGTGTTACTGCTCCAAAGCGCCGTGAAATCCCGCTGACTCCTGGCTATTATAATTATATGTGTATGTATGTATTACATATACGTGAGTGTGTGCTTGGCGTCGATGAATTGTATAGGTTAAGTCATGTTCTGACCCACTGGAACGACCTTTTTATACCTTATAGA	619	PASS
chr6:129250823	C	GACATCTTTGTGTTACTGCTCCAAAGCGCCGTGAAATCCCGCTGACTCCTGGCTATTATAATTATATGTGTATGTATGTATTACATATACGTGAGTGTGTGCTTGGCGTCGATGAATTGTATAGGTTAAGTCATGTTCTGACCCACTGGAACGACCTTTTTATACCTTATAGA	1234	PASS
chr6:129288041	A	GACATCTTTGTGTTACTGCTCCAAAGCGCCGTGAAATCCCGCTGACTCCTGGCTATTATAATTATATGTGTATGTATGTATTACATATACGTGAGTGTGTGCTTGGCGTCGATGAATTGTATAGGTTAAGTCATGTTCTGACCCACTGGAACGACCTTTTTATACCTTATAGA	567	PASS
chr6:129361569	A	GACATCTTTGTGTTACTGCTCCAAAGCGCCGTGAAATCCCGCTGACTCCTGGCTATTATAATTATATGTGTATGTATGTATTACATATACGTGAGTGTGTGCTTGGCGTCGATGAATTGTATAGGTTAAGTCATGTTCTGACCCACTGGAACGACCTTTTTATACCTTATAGA	650	PASS
chr6:129391834	G	GACATCTTTGTGTTACTGCTCCAAAGCGCCGTGAAATCCCGCTGACTCCTGGCTATTATAATTATATGTGTATGTATGTATTACATATACGTGAGTGTGTGCTTGGCGTCGATGAATTGTATAGGTTAAGTCATGTTCTGACCCACTGGAACGACCTTTTTATACCTTATAGA	674	PASS
chr6:129433338	T	GACATCTTTGTGTTACTGCTCCAAAGCGCCGTGAAATCCCGCTGACTCCTGGCTATTATAATTATATGTGTATGTATGTATTACATATACGTGAGTGTGTGCTTGGCGTCGATGAATTGTATAGGTTAAGTCATGTTCTGACCCACTGGAACGACCTTTTTATACCTTATAGA	224	PASS
chr6:129507909	A	GACATCTTTGTGTTACTGCTCCAAAGCGCCGTGAAATCCCGCTGACTCCTGGCTATTATAATTATATGTGTATGTATGTATTACATATACGTGAGTGTGTGCTTGGCGTCGATGAATTGTATAGGTTAAGTCATGTTCTGACCCACTGGAACGACCTTTTTATACCTTATAGA	135	PASS
chr6:129548522	G	GACATCTTTGTGTTACTGCTCCAAAGCGCCGTGAAATCCCGCTGACTCCTGGCTATTATAATTATATGTGTATGTATGTATTACATATACGTGAGTGTGTGCTTGGCGTCGATGAATTGTATAGGTTAAGTCATGTTCTGACCCACTGGAACGACCTTTTTATACCTTATAGA	96	PASS
chr6:129600304	G	GACATCTTTGTGTTACTGCTCCAAAGCGCCGTGAAATCCCGCTGACTCCTGGCTATTATAATTATATGTGTATGTATGTATTACATATACGTGAGTGTGTGCTTGGCGTCGATGAATTGTATAGGTTAAGTCATGTTCTGACCCACTGGAACGACCTTTTTATACCTTATAGA	632	PASS
chr6:129657968	G	GACATCTTTGTGTTACTGCTCCAAAGCGCCGTGAAATCCCGCTGACTCCTGGCTATTATAATTATATGTGTATGTATGTATTACATATACGTGAGTGTGTGCTTGGCGTCGATGAATTGTATAGGTTAAGTCATGTTCTGACCCACTGGAACGACCTTTTTATACCTTATAGA	464	PASS
chr6:129726873	A	GACATCTTTGTGTTACTGCTCCAAAGCGCCGTGAAATCCCGCTGACTCCTGGCTATTATAATTATATGTGTATGTATGTATTACATATACGTGAGTGTGTGCTTGGCGTCGATGAATTGTATAGGTTAAGTCATGTTCTGACCCACTGGAACGACCTTTTTATACCTTATAGA	620	PASS
chr6:129760831	T	GACATCTTTGTGTTACTGCTCCAAAGCGCCGTGAAATCCCGCTGACTCCTGGCTATTATAATTATATGTGTATGTATGTATTACATATACGTGAGTGTGTGCTTGGCGTCGATGAATTGTATAGGTTAAGTCATGTTCTGACCCACTGGAACGACCTTTTTATACCTTATAGA	537	PASS
chr6:152495843	A	GACATCTTTGTGTTACTGCTCCAAAGCGCCGTGAAATCCCGCTGACTCCTGGCTATTATAATTATATGTGTATGTATGTATTACATATACGTGAGTGTGTGCTTGGCGTCGATGAATTGTATAGGTTAAGTCATGTTCTGACCCACTGGAACGACCTTTTTATACCTTATAGA	213	PASS
chr6:152539054	A	GACATCTTTGTGTTACTGCTCCAAAGCGCCGTGAAATCCCGCTGACTCCTGGCTATTATAATTATATGTGTATGTATGTATTACATATACGTGAGTGTGTGCTTGGCGTCGATGAATTGTATAGGTTAAGTCATGTTCTGACCCACTGGAACGACCTTTTTATACCTTATAGA	160	PASS
chr6:152620782	T	GACATCTTTGTGTTACTGCTCCAAAGCGCCGTGAAATCCCGCTGACTCCTGGCTATTATAATTATATGTGTATGTATGTATTACATATACGTGAGTGTGTGCTTGGCGTCGATGAATTGTATAGGTTAAGTCATGTTCTGACCCACTGGAACGACCTTTTTATACCTTATAGA	210	PASS
chr6:152666884	T	GACATCTTTGTGTTACTGCTCCAAAGCGCCGTGAAATCCCGCTGACTCCTGGCTATTATAATTATATGTGTATGTATGTATTACATATACGTGAGTGTGTGCTTGGCGTCGATGAATTGTATAGGTTAAGTCATGTTCTGACCCACTGGAACGACCTTTTTATACCTTATAGA	596	PASS
chr6:152707929	TTAAC	GACATCTTTGTGTTACTGCTCCAAAGCGCCGTGAAATCCCGCTGACTCCTGGCTATTATAATTATATGTGTATGTATGTATTACATATACGTGAGTGTGTGCTTGGCGTCGATGAATTGTATAGGTTAAGTCATGTTCTGACCCACTGGAACGACCTTTTTATACCTTATAGA	710	PASS
chr6:152766142	C	GACATCTTTGTGTTACTGCTCCAAAGCGCCGTGAAATCCCGCTGACTCCTGGCTATTATAATTATATGTGTATGTATGTATTACATATACGTGAGTGTGTGCTTGGCGTCGATGAATTGTATAGGTTAAGTCATGTTCTGACCCACTGGAACGACCTTTTTATACCTTATAGA	265	PASS
chr6:152807340	AAT	GACATCTTTGTGTTACTGCTCCAAAGCGCCGTGAAATCCCGCTGACTCCTGGCTATTATAATTATATGTGTATGTATGTATTACATATACGTGAGTGTGTGCTTGGCGTCGATGAATTGTATAGGTTAAGTCATGTTCTGACCCACTGGAACGACCTTTTTATACCTTATAGA	709	PASS
chr7:16172161	T	GACATCTTTGTGTTACTGCTCCAAAGCGCCGTGAAATCCCGCTGACTCCTGGCTATTATAATTATATGTGTATGTATGTATTACATATACGTGAGTGTGTGCTTGGCGTCGATGAATTGTATAGGTTAAGTCATGTTCTGACCCACTGGAACGACCTTTTTATACCTTATAGA	655	PASS
chr7:16266351	G	GACATCTTTGTGTTACTGCTCCAAAGCGCCGTGAAATCCCGCTGACTCCTGGCTATTATAATTATATGTGTATGTATGTATTACATATACGTGAGTGTGTGCTTGGCGTCGATGAATTGTATAGGTTAAGTCATGTTCTGACCCACTGGAACGACCTTTTTATACCTTATAGA	670	PASS
chr7:16322114	C	GACATCTTTGTGTTACTGCTCCAAAGCGCCGTGAAATCCCGCTGACTCCTGGCTATTATAATTATATGTGTATGTATGTATTACATATACGTGAGTGTGTGCTTGGCGTCGATGAATTGTATAGGTTAAGTCATGTTCTGACCCACTGGAACGACCTTTTTATACCTTATAGA	167	PASS
chr7:16366098	T	GACATCTTTGTGTTACTGCTCCAAAGCGCCGTGAAATCCCGCTGACTCCTGGCTATTATAATTATATGTGTATGTATGTATTACATATACGTGAGTGTGTGCTTGGCGTCGATGAATTGTATAGGTTAAGTCATGTTCTGACCCACTGGAACGACCTTTTTATACCTTATAGA	516	PASS
chr7:16386823	A	GACATCTTTGTGTTACTGCTCCAAAGCGCCGTGAAATCCCGCTGACTCCTGGCTATTATAATTATATGTGTATGTATGTATTACATATACGTGAGTGTGTGCTTGGCGTCGATGAATTGTATAGGTTAAGTCATGTTCTGACCCACTGGAACGACCTTTTTATACCTTATAGA	697	PASS
chr7:16432688	G	GACATCTTTGTGTTACTGCTCCAAAGCGCCGTGAAATCCCGCTGACTCCTGGCTATTATAATTATATGTGTATGTATGTATTACATATACGTGAGTGTGTGCTTGGCGTCGATGAATTGTATAGGTTAAGTCATGTTCTGACCCACTGGAACGACCTTTTTATACCTTATAGA	203	PASS
chr8:145027413	G	GACATCTTTGTGTTACTGCTCCAAAGCGCCGTGAAATCCCGCTGACTCCTGGCTATTATAATTATATGTGTATGTATGTATTACATATACGTGAGTGTGTGCTTGGCGTCGATGAATTGTATAGGTTAAGTCATGTTCTGACCCACTGGAACGACCTTTTTATACCTTATAGA	140	PASS
chr9:108329035	C	GACATCTTTGTGTTACTGCTCCAAAGCGCCGTGAAATCCCGCTGACTCCTGGCTATTATAATTATATGTGTATGTATGTATTACATATACGTGAGTGTGTGCTTGGCGTCGATGAATTGTATAGGTTAAGTCATGTTCTGACCCACTGGAACGACCTTTTTATACCTTATAGA	286	PASS
chr9:136379890	A	GACATCTTTGTGTTACTGCTCCAAAGCGCCGTGAAATCCCGCTGACTCCTGGCTATTATAATTATATGTGTATGTATGTATTACATATACGTGAGTGTGTGCTTGGCGTCGATGAATTGTATAGGTTAAGTCATGTTCTGACCCACTGGAACGACCTTTTTATACCTTATAGA	357	PASS
chr10:74180583	G	GACATCTTTGTGTTACTGCTCCAAAGCGCCGTGAAATCCCGCTGACTCCTGGCTATTATAATTATATGTGTATGTATGTATTACATATACGTGAGTGTGTGCTTGGCGTCGATGAATTGTATAGGTTAAGTCATGTTCTGACCCACTGGAACGACCTTTTTATACCTTATAGA	149	PASS
chr10:74237247	C	GACATCTTTGTGTTACTGCTCCAAAGCGCCGTGAAATCCCGCTGACTCCTGGCTATTATAATTATATGTGTATGTATGTATTACATATACGTGAGTGTGTGCTTGGCGTCGATGAATTGTATAGGTTAAGTCATGTTCTGACCCACTGGAACGACCTTTTTATACCTTATAGA	484	PASS
chr10:74300244	A	GACATCTTTGTGTTACTGCTCCAAAGCGCCGTGAAATCCCGCTGACTCCTGGCTATTATAATTATATGTGTATGTATGTATTACATATACGTGAGTGTGTGCTTGGCGTCGATGAATTGTATAGGTTAAGTCATGTTCTGACCCACTGGAACGACCTTTTTATACCTTATAGA	199	PASS
chr10:74357917	T	GACATCTTTGTGTTACTGCTCCAAAGCGCCGTGAAATCCCGCTGACTCCTGGCTATTATAATTATATGTGTATGTATGTATTACATATACGTGAGTGTGTGCTTGGCGTCGATGAATTGTATAGGTTAAGTCATGTTCTGACCCACTGGAACGACCTTTTTATACCTTATAGA	239	PASS
chr12:21605507	C	GACATCTTTGTGTTACTGCTCCAAAGCGCCGTGAAATCCCGCTGACTCCTGGCTATTATAATTATATGTGTATGTATGTATTACATATACGTGAGTGTGTGCTTGGCGTCGATGAATTGTATAGGTTAAGTCATGTTCTGACCCACTGGAACGACCTTTTTATACCTTATAGA	129	PASS
chr12:21618580	A	GACATCTTTGTGTTACTGCTCCAAAGCGCCGTGAAATCCCGCTGACTCCTGGCTATTATAATTATATGTGTATGTATGTATTACATATACGTGAGTGTGTGCTTGGCGTCGATGAATTGTATAGGTTAAGTCATGTTCTGACCCACTGGAACGACCTTTTTATACCTTATAGA	138	PASS
chr12:56080164	T	GACATCTTTGTGTTACTGCTCCAAAGCGCCGTGAAATCCCGCTGACTCCTGGCTATTATAATTATATGTGTATGTATGTATTACATATACGTGAGTGTGTGCTTGGCGTCGATGAATTGTATAGGTTAAGTCATGTTCTGACCCACTGGAACGACCTTTTTATACCTTATAGA	153	PASS
chr13:110808389	A	GACATCTTTGTGTTACTGCTCCAAAGCGCCGTGAAATCCCGCTGACTCCTGGCTATTATAATTATATGTGTATGTATGTATTACATATACGTGAGTGTGTGCTTGGCGTCGATGAATTGTATAGGTTAAGTCATGTTCTGACCCACTGGAACGACCTTTTTATACCTTATAGA	218	PASS
chr13:110836810	C	GACATCTTTGTGTTACTGCTCCAAAGCGCCGTGAAATCCCGCTGACTCCTGGCTATTATAATTATATGTGTATGTATGTATTACATATACGTGAGTGTGTGCTTGGCGTCGATGAATTGTATAGGTTAAGTCATGTTCTGACCCACTGGAACGACCTTTTTATACCTTATAGA	194	PASS
chr13:110872277	G	GACATCTTTGTGTTACTGCTCCAAAGCGCCGTGAAATCCCGCTGACTCCTGGCTATTATAATTATATGTGTATGTATGTATTACATATACGTGAGTGTGTGCTTGGCGTCGATGAATTGTATAGGTTAAGTCATGTTCTGACCCACTGGAACGACCTTTTTATACCTTATAGA	370	PASS
chr13:110905967	T	GACATCTTTGTGTTACTGCTCCAAAGCGCCGTGAAATCCCGCTGACTCCTGGCTATTATAATTATATGTGTATGTATGTATTACATATACGTGAGTGTGTGCTTGGCGTCGATGAATTGTATAGGTTAAGTCATGTTCTGACCCACTGGAACGACCTTTTTATACCTTATAGA	822	PASS
chr13:110939664	C	GACATCTTTGTGTTACTGCTCCAAAGCGCCGTGAAATCCCGCTGACTCCTGGCTATTATAATTATATGTGTATGTATGTATTACATATACGTGAGTGTGTGCTTGGCGTCGATGAATTGTATAGGTTAAGTCATGTTCTGACCCACTGGAACGACCTTTTTATACCTTATAGA	133	PASS
chr13:110981007	C	GACATCTTTGTGTTACTGCTCCAAAGCGCCGTGAAATCCCGCTGACTCCTGGCTATTATAATTATATGTGTATGTATGTATTACATATACGTGAGTGTGTGCTTGGCGTCGATGAATTGTATAGGTTAAGTCATGTTCTGACCCACTGGAACGACCTTTTTATACCTTATAGA	162	PASS
chr13:111026738	T	GACATCTTTGTGTTACTGCTCCAAAGCGCCGTGAAATCCCGCTGACTCCTGGCTATTATAATTATATGTGTATGTATGTATTACATATACGTGAGTGTGTGCTTGGCGTCGATGAATTGTATAGGTTAAGTCATGTTCTGACCCACTGGAACGACCTTTTTATACCTTATAGA	281	PASS
chr13:111062015	T	GACATCTTTGTGTTACTGCTCCAAAGCGCCGTGAAATCCCGCTGACTCCTGGCTATTATAATTATATGTGTATGTATGTATTACATATACGTGAGTGTGTGCTTGGCGTCGATGAATTGTATAGGTTAAGTCATGTTCTGACCCACTGGAACGACCTTTTTATACCTTATAGA	581	PASS
chr13:111101752	A	GACATCTTTGTGTTACTGCTCCAAAGCGCCGTGAAATCCCGCTGACTCCTGGCTATTATAATTATATGTGTATGTATGTATTACATATACGTGAGTGTGTGCTTGGCGTCGATGAATTGTATAGGTTAAGTCATGTTCTGACCCACTGGAACGACCTTTTTATACCTTATAGA	486	PASS
chr13:111119077	A	GACATCTTTGTGTTACTGCTCCAAAGCGCCGTGAAATCCCGCTGACTCCTGGCTATTATAATTATATGTGTATGTATGTATTACATATACGTGAGTGTGTGCTTGGCGTCGATGAATTGTATAGGTTAAGTCATGTTCTGACCCACTGGAACGACCTTTTTATACCTTATAGA	516	PASS
chr13:111135250	G	GACATCTTTGTGTTACTGCTCCAAAGCGCCGTGAAATCCCGCTGACTCCTGGCTATTATAATTATATGTGTATGTATGTATTACATATACGTGAGTGTGTGCTTGGCGTCGATGAATTGTATAGGTTAAGTCATGTTCTGACCCACTGGAACGACCTTTTTATACCTTATAGA	413	PASS
chr14:23795204	GTT	GACATCTTTGTGTTACTGCTCCAAAGCGCCGTGAAATCCCGCTGACTCCTGGCTATTATAATTATATGTGTATGTATGTATTACATATACGTGAGTGTGTGCTTGGCGTCGATGAATTGTATAGGTTAAGTCATGTTCTGACCCACTGGAACGACCTTTTTATACCTTATAGA	383	PASS
chr14:23795204	GTT	GACATCTTTGTGTTACTGCTCCAAAGCGCCGTGAAATCCCGCTGACTCCTGGCTATTATAATTATATGTGTATGTATGTATTACATATACGTGAGTGTGTGCTTGGCGTCGATGAATTGTATAGGTTAAGTCATGTTCTGACCCACTGGAACGACCTTTTTATACCTTATAGA	383	PASS
chr14:64343212	C	GACATCTTTGTGTTACTGCTCCAAAGCGCCGTGAAATCCCGCTGACTCCTGGCTATTATAATTATATGTGTATGTATGTATTACATATACGTGAGTGTGTGCTTGGCGTCGATGAATTGTATAGGTTAAGTCATGTTCTGACCCACTGGAACGACCTTTTTATACCTTATAGA	440	PASS
chr14:64399206	C	GACATCTTTGTGTTACTGCTCCAAAGCGCCGTGAAATCCCGCTGACTCCTGGCTATTATAATTATATGTGTATGTATGTATTACATATACGTGAGTGTGTGCTTGGCGTCGATGAATTGTATAGGTTAAGTCATGTTCTGACCCACTGGAACGACCTTTTTATACCTTATAGA	115	PASS
chr14:64425280	A	GACATCTTTGTGTTACTGCTCCAAAGCGCCGTGAAATCCCGCTGACTCCTGGCTATTATAATTATATGTGTATGTATGTATTACATATACGTGAGTGTGTGCTTGGCGTCGATGAATTGTATAGGTTAAGTCATGTTCTGACCCACTGGAACGACCTTTTTATACCTTATAGA	410	PASS
chr14:64507240	A	GACATCTTTGTGTTACTGCTCCAAAGCGCCGTGAAATCCCGCTGACTCCTGGCTATTATAATTATATGTGTATGTATGTATTACATATACGTGAGTGTGTGCTTGGCGTCGATGAATTGTATAGGTTAAGTCATGTTCTGACCCACTGGAACGACCTTTTTATACCTTATAGA	238	PASS
chr14:64549136	CTCAAGCATT	GACATCTTTGTGTTACTGCTCCAAAGCGCCGTGAAATCCCGCTGACTCCTGGCTATTATAATTATATGTGTATGTATGTATTACATATACGTGAGTGTGTGCTTGGCGTCGATGAATTGTATAGGTTAAGTCATGTTCTGACCCACTGGAACGACCTTTTTATACCTTATAGA	551	PASS
chr14:64615253	C	GACATCTTTGTGTTACTGCTCCAAAGCGCCGTGAAATCCCGCTGACTCCTGGCTATTATAATTATATGTGTATGTATGTATTACATATACGTGAGTGTGTGCTTGGCGTCGATGAATTGTATAGGTTAAGTCATGTTCTGACCCACTGGAACGACCTTTTTATACCTTATAGA	161	PASS
chr14:77742218	C	GACATCTTTGTGTTACTGCTCCAAAGCGCCGTGAAATCCCGCTGACTCCTGGCTATTATAATTATATGTGTATGTATGTATTACATATACGTGAGTGTGTGCTTGGCGTCGATGAATTGTATAGGTTAAGTCATGTTCTGACCCACTGGAACGACCTTTTTATACCTTATAGA	161	PASS
chr14:105610115	T	GACATCTTTGTGTTACTGCTCCAAAGCGCCGTGAAATCCCGCTGACTCCTGGCTATTATAATTATATGTGTATGTATGTATTACATATACGTGAGTGTGTGCTTGGCGTCGATGAATTGTATAGGTTAAGTCATGTTCTGACCCACTGGAACGACCTTTTTATACCTTATAGA	155	PASS
chr17:1410882	T	GACATCTTTGTGTTACTGCTCCAAAGCGCCGTGAAATCCCGCTGACTCCTGGCTATTATAATTATATGTGTATGTATGTATTACATATACGTGAGTGTGTGCTTGGCGTCGATGAATTGTATAGGTTAAGTCATGTTCTGACCCACTGGAACGACCTTTTTATACCTTATAGA	197	PASS
chr17:40570697	T	GACATCTTTGTGTTACTGCTCCAAAGCGCCGTGAAATCCCGCTGACTCCTGGCTATTATAATTATATGTGTATGTATGTATTACATATACGTGAGTGTGTGCTTGGCGTCGATGAATTGTATAGGTTAAGTCATGTTCTGACCCACTGGAACGACCTTTTTATACCTTATAGA	258	PASS
chr17:45024057	C	GACATCTTTGTGTTACTGCTCCAAAGCGCCGTGAAATCCCGCTGACTCCTGGCTATTATAATTATATGTGTATGTATGTATTACATATACGTGAGTGTGTGCTTGGCGTCGATGAATTGTATAGGTTAAGTCATGTTCTGACCCACTGGAACGACCTTTTTATACCTTATAGA	211	PASS
chr17:45061077	A	GACATCTTTGTGTTACTGCTCCAAAGCGCCGTGAAATCCCGCTGACTCCTGGCTATTATAATTATATGTGTATGTATGTATTACATATACGTGAGTGTGTGCTTGGCGTCGATGAATTGTATAGGTTAAGTCATGTTCTGACCCACTGGAACGACCTTTTTATACCTTATAGA	176	PASS
chr17:45078850	T	GACATCTTTGTGTTACTGCTCCAAAGCGCCGTGAAATCCCGCTGACTCCTGGCTATTATAATTATATGTGTATGTATGTATTACATATACGTGAGTGTGTGCTTGGCGTCGATGAATTGTATAGGTTAAGTCATGTTCTGACCCACTGGAACGACCTTTTTATACCTTATAGA	233	PASS
chr18:2661978	AC	GACATCTTTGTGTTACTGCTCCAAAGCGCCGTGAAATCCCGCTGACTCCTGGCTATTATAATTATATGTGTATGTATGTATTACATATACGTGAGTGTGTGCTTGGCGTCGATGAATTGTATAGGTTAAGTCATGTTCTGACCCACTGGAACGACCTTTTTATACCTTATAGA	1528	PASS
chr18:2724930	A	GACATCTTTGTGTTACTGCTCCAAAGCGCCGTGAAATCCCGCTGACTCCTGGCTATTATAATTATATGTGTATGTATGTATTACATATACGTGAGTGTGTGCTTGGCGTCGATGAATTGTATAGGTTAAGTCATGTTCTGACCCACTGGAACGACCTTTTTATACCTTATAGA	561	PASS
chr18:32096966	C	GACATCTTTGTGTTACTGCTCCAAAGCGCCGTGAAATCCCGCTGACTCCTGGCTATTATAATTATATGTGTATGTATGTATTACATATACGTGAGTGTGTGCTTGGCGTCGATGAATTGTATAGGTTAAGTCATGTTCTGACCCACTGGAACGACCTTTTTATACCTTATAGA	653	PASS
chr18:32346417	C	GACATCTTTGTGTTACTGCTCCAAAGCGCCGTGAAATCCCGCTGACTCCTGGCTATTATAATTATATGTGTATGTATGTATTACATATACGTGAGTGTGTGCTTGGCGTCGATGAATTGTATAGGTTAAGTCATGTTCTGACCCACTGGAACGACCTTTTTATACCTTATAGA	561	PASS
chr18:32393122	C	GACATCTTTGTGTTACTGCTCCAAAGCGCCGTGAAATCCCGCTGACTCCTGGCTATTATAATTATATGTGTATGTATGTATTACATATACGTGAGTGTGTGCTTGGCGTCGATGAATTGTATAGGTTAAGTCATGTTCTGACCCACTGGAACGACCTTTTTATACCTTATAGA	143	PASS
chr19:38927714	G	GACATCTTTGTGTTACTGCTCCAAAGCGCCGTGAAATCCCGCTGACTCCTGGCTATTATAATTATATGTGTATGTATGTATTACATATACGTGAGTGTGTGCTTGGCGTCGATGAATTGTATAGGTTAAGTCATGTTCTGACCCACTGGAACGACCTTTTTATACCTTATAGA	111	PASS
chr19:38982225	C	GACATCTTTGTGTTACTGCTCCAAAGCGCCGTGAAATCCCGCTGACTCCTGGCTATTATAATTATATGTGTATGTATGTATTACATATACGTGAGTGTGTGCTTGGCGTCGATGAATTGTATAGGTTAAGTCATGTTCTGACCCACTGGAACGACCTTTTTATACCTTATAGA	138	PASS
chr19:39021070	AT	GACATCTTTGTGTTACTGCTCCAAAGCGCCGTGAAATCCCGCTGACTCCTGGCTATTATAATTATATGTGTATGTATGTATTACATATACGTGAGTGTGTGCTTGGCGTCGATGAATTGTATAGGTTAAGTCATGTTCTGACCCACTGGAACGACCTTTTTATACCTTATAGA	387	PASS
chr19:47275163	A	GACATCTTTGTGTTACTGCTCCAAAGCGCCGTGAAATCCCGCTGACTCCTGGCTATTATAATTATATGTGTATGTATGTATTACATATACGTGAGTGTGTGCTTGGCGTCGATGAATTGTATAGGTTAAGTCATGTTCTGACCCACTGGAACGACCTTTTTATACCTTATAGA	415	PASS
chr20:49552904	A	GACATCTTTGTGTTACTGCTCCAAAGCGCCGTGAAATCCCGCTGACTCCTGGCTATTATAATTATATGTGTATGTATGTATTACATATACGTGAGTGTGTGCTTGGCGTCGATGAATTGTATAGGTTAAGTCATGTTCTGACCCACTGGAACGACCTTTTTATACCTTATAGA	203	PASS
chr21:47403873	C	GACATCTTTGTGTTACTGCTCCAAAGCGCCGTGAAATCCCGCTGACTCCTGGCTATTATAATTATATGTGTATGTATGTATTACATATACGTGAGTGTGTGCTTGGCGTCGATGAATTGTATAGGTTAAGTCATGTTCTGACCCACTGGAACGACCTTTTTATACCTTATAGA	152	PASS
chr21:47547086	G	GACATCTTTGTGTTACTGCTCCAAAGCGCCGTGAAATCCCGCTGACTCCTGGCTATTATAATTATATGTGTATGTATGTATTACATATACGTGAGTGTGTGCTTGGCGTCGATGAATTGTATAGGTTAAGTCATGTTCTGACCCACTGGAACGACCTTTTTATACCTTATAGA	225	PASS
chr22:33567437	G	GACATCTTTGTGTTACTGCTCCAAAGCGCCGTGAAATCCCGCTGACTCCTGGCTATTATAATTATATGTGTATGTATGTATTACATATACGTGAGTGTGTGCTTGGCGTCGATGAATTGTATAGGTTAAGTCATGTTCTGACCCACTGGAACGACCTTTTTATACCTTATAGA	263	PASS
chr22:33584236	G	GACATCTTTGTGTTACTGCTCCAAAGCGCCGTGAAATCCCGCTGACTCCTGGCTATTATAATTATATGTGTATGTATGTATTACATATACGTGAGTGTGTGCTTGGCGTCGATGAATTGTATAGGTTAAGTCATGTTCTGACCCACTGGAACGACCTTTTTATACCTTATAGA	529	PASS
chr22:33615843	A	GACATCTTTGTGTTACTGCTCCAAAGCGCCGTGAAATCCCGCTGACTCCTGGCTATTATAATTATATGTGTATGTATGTATTACATATACGTGAGTGTGTGCTTGGCGTCGATGAATTGTATAGGTTAAGTCATGTTCTGACCCACTGGAACGACCTTTTTATACCTTATAGA	494	PASS
chr22:33712686	G	GACATCTTTGTGTTACTGCTCCAAAGCGCCGTGAAATCCCGCTGACTCCTGGCTATTATAATTATATGTGTATGTATGTATTACATATACGTGAGTGTGTGCTTGGCGTCGATGAATTGTATAGGTTAAGTCATGTTCTGACCCACTGGAACGACCTTTTTATACCTTATAGA	393	PASS
chr22:33829087	T	GACATCTTTGTGTTACTGCTCCAAAGCGCCGTGAAATCCCGCTGACTCCTGGCTATTATAATTATATGTGTATGTATGTATTACATATACGTGAGTGTGTGCTTGGCGTCGATGAATTGTATAGGTTAAGTCATGTTCTGACCCACTGGAACGACCTTTTTATACCTTATAGA	542	PASS
chr22:33933733	T	GACATCTTTGTGTTACTGCTCCAAAGCGCCGTGAAATCCCGCTGACTCCTGGCTATTATAATTATATGTGTATGTATGTATTACATATACGTGAGTGTGTGCTTGGCGTCGATGAATTGTATAGGTTAAGTCATGTTCTGACCCACTGGAACGACCTTTTTATACCTTATAGA	424	PASS
chr22:33963191	G	GACATCTTTGTGTTACTGCTCCAAAGCGCCGTGAAATCCCGCTGACTCCTGGCTATTATAATTATATGTGTATGTATGTATTACATATACGTGAGTGTGTGCTTGGCGTCGATGAATTGTATAGGTTAAGTCATGTTCTGACCCACTGGAACGACCTTTTTATACCTTATAGA	259	PASS
chr22:34015991	A	GACATCTTTGTGTTACTGCTCCAAAGCGCCGTGAAATCCCGCTGACTCCTGGCTATTATAATTATATGTGTATGTATGTATTACATATACGTGAGTGTGTGCTTGGCGTCGATGAATTGTATAGGTTAAGTCATGTTCTGACCCACTGGAACGACCTTTTTATACCTTATAGA	198	PASS
chr22:34070628	A	GACATCTTTGTGTTACTGCTCCAAAGCGCCGTGAAATCCCGCTGACTCCTGGCTATTATAATTATATGTGTATGTATGTATTACATATACGTGAGTGTGTGCTTGGCGTCGATGAATTGTATAGGTTAAGTCATGTTCTGACCCACTGGAACGACCTTTTTATACCTTATAGA	135	PASS
chr22:34152060	C	GACATCTTTGTGTTACTGCTCCAAAGCGCCGTGAAATCCCGCTGACTCCTGGCTATTATAATTATATGTGTATGTATGTATTACATATACGTGAGTGTGTGCTTGGCGTCGATGAATTGTATAGGTTAAGTCATGTTCTGACCCACTGGAACGACCTTTTTATACCTTATAGA	192	PASS
chr22:34181047	T	GACATCTTTGTGTTACTGCTCCAAAGCGCCGTGAAATCCCGCTGACTCCTGGCTATTATAATTATATGTGTATGTATGTATTACATATACGTGAGTGTGTGCTTGGCGTCGATGAATTGTATAGGTTAAGTCATGTTCTGACCCACTGGAACGACCTTTTTATACCTTATAGA	176	PASS
chr22:34214875	C	GACATCTTTGTGTTACTGCTCCAAAGCGCCGTGAAATCCCGCTGACTCCTGGCTATTATAATTATATGTGTATGTATGTATTACATATACGTGAGTGTGTGCTTGGCGTCGATGAATTGTATAGGTTAAGTCATGTTCTGACCCACTGGAACGACCTTTTTATACCTTATAGA	210	PASS
chr22:34259757	G	GACATCTTTGTGTTACTGCTCCAAAGCGCCGTGAAATCCCGCTGACTCCTGGCTATTATAATTATATGTGTATGTATGTATTACATATACGTGAGTGTGTGCTTGGCGTCGATGAATTGTATAGGTTAAGTCATGTTCTGACCCACTGGAACGACCTTTTTATACCTTATAGA	1060	PASS
chr22:51034867	T	GACATCTTTGTGTTACTGCTCCAAAGCGCCGTGAAATCCCGCTGACTCCTGGCTATTATAATTATATGTGTATGTATGTATTACATATACGTGAGTGTGTGCTTGGCGTCGATGAATTGTATAGGTTAAGTCATGTTCTGACCCACTGGAACGACCTTTTTATACCTTATAGA	243	PASS
chrX:31213803	T	GACATCTTTGTGTTACTGCTCCAAAGCGCCGTGAAATCCCGCTGACTCCTGGCTATTATAATTATATGTGTATGTATGTATTACATATACGTGAGTGTGTGCTTGGCGTCGATGAATTGTATAGGTTAAGTCATGTTCTGACCCACTGGAACGACCTTTTTATACCTTATAGA	88	PASS
chrX:31259709	A	GACATCTTTGTGTTACTGCTCCAAAGCGCCGTGAAATCCCGCTGACTCCTGGCTATTATAATTATATGTGTATGTATGTATTACATATACGTGAGTGTGTGCTTGGCGTCGATGAATTGTATAGGTTAAGTCATGTTCTGACCCACTGGAACGACCTTTTTATACCTTATAGA	572	PASS
chrX:31368749	T	GACATCTTTGTGTTACTGCTCCAAAGCGCCGTGAAATCCCGCTGACTCCTGGCTATTATAATTATATGTGTATGTATGTATTACATATACGTGAGTGTGTGCTTGGCGTCGATGAATTGTATAGGTTAAGTCATGTTCTGACCCACTGGAACGACCTTTTTATACCTTATAGA	165	PASS
chrX:31430450	T	GACATCTTTGTGTTACTGCTCCAAAGCGCCGTGAAATCCCGCTGACTCCTGGCTATTATAATTATATGTGTATGTATGTATTACATATACGTGAGTGTGTGCTTGGCGTCGATGAATTGTATAGGTTAAGTCATGTTCTGACCCACTGGAACGACCTTTTTATACCTTATAGA	129	PASS
chrX:31556970	C	GACATCTTTGTGTTACTGCTCCAAAGCGCCGTGAAATCCCGCTGACTCCTGGCTATTATAATTATATGTGTATGTATGTATTACATATACGTGAGTGTGTGCTTGGCGTCGATGAATTGTATAGGTTAAGTCATGTTCTGACCCACTGGAACGACCTTTTTATACCTTATAGA	236	PASS
chrX:31656332	A	GACATCTTTGTGTTACTGCTCCAAAGCGCCGTGAAATCCCGCTGACTCCTGGCTATTATAATTATATGTGTATGTATGTATTACATATACGTGAGTGTGTGCTTGGCGTCGATGAATTGTATAGGTTAAGTCATGTTCTGACCCACTGGAACGACCTTTTTATACCTTATAGA	183	PASS
chrX:31740507	A	GACATCTTTGTGTTACTGCTCCAAAGCGCCGTGAAATCCCGCTGACTCCTGGCTATTATAATTATATGTGTATGTATGTATTACATATACGTGAGTGTGTGCTTGGCGTCGATGAATTGTATAGGTTAAGTCATGTTCTGACCCACTGGAACGACCTTTTTATACCTTATAGA	197	PASS
chrX:31825390	G	GACATCTTTGTGTTACTGCTCCAAAGCGCCGTGAAATCCCGCTGACTCCTGGCTATTATAATTATATGTGTATGTATGTATTACATATACGTGAGTGTGTGCTTGGCGTCGATGAATTGTATAGGTTAAGTCATGTTCTGACCCACTGGAACGACCTTTTTATACCTTATAGA	192	PASS
chrX:31877930	G	GACATCTTTGTGTTACTGCTCCAAAGCGCCGTGAAATCCCGCTGACTCCTGGCTATTATAATTATATGTGTATGTATGTATTACATATACGTGAGTGTGTGCTTGGCGTCGATGAATTGTATAGGTTAAGTCATGTTCTGACCCACTGGAACGACCTTTTTATACCTTATAGA	486	PASS
chrX:31929618	CT	GACATCTTTGTGTTACTGCTCCAAAGCGCCGTGAAATCCCGCTGACTCCTGGCTATTATAATTATATGTGTATGTATGTATTACATATACGTGAGTGTGTGCTTGGCGTCGATGAATTGTATAGGTTAAGTCATGTTCTGACCCACTGGAACGACCTTTTTATACCTTATAGA	611	PASS
chrX:32032511	A	GACATCTTTGTGTTACTGCTCCAAAGCGCCGTGAAATCCCGCTGACTCCTGGCTATTATAATTATATGTGTATGTATGTATTACATATACGTGAGTGTGTGCTTGGCGTCGATGAATTGTATAGGTTAAGTCATGTTCTGACCCACTGGAACGACCTTTTTATACCTTATAGA	382	PASS
chrX:32088547	G	GACATCTTTGTGTTACTGCTCCAAAGCGCCGTGAAATCCCGCTGACTCCTGGCTATTATAATTATATGTGTATGTATGTATTACATATACGTGAGTGTGTGCTTGGCGTCGATGAATTGTATAGGTTAAGTCATGTTCTGACCCACTGGAACGACCTTTTTATACCTTATAGA	518	PASS
chrX:32158986	G	GACATCTTTGTGTTACTGCTCCAAAGCGCCGTGAAATCCCGCTGACTCCTGGCTATTATAATTATATGTGTATGTATGTATTACATATACGTGAGTGTGTGCTTGGCGTCGATGAATTGTATAGGTTAAGTCATGTTCTGACCCACTGGAACGACCTTTTTATACCTTATAGA	436	PASS
chrX:32224435	T	GACATCTTTGTGTTACTGCTCCAAAGCGCCGTGAAATCCCGCTGACTCCTGGCTATTATAATTATATGTGTATGTATGTATTACATATACGTGAGTGTGTGCTTGGCGTCGATGAATTGTATAGGTTAAGTCATGTTCTGACCCACTGGAACGACCTTTTTATACCTTATAGA	170	PASS
chrX:32310421	T	GACATCTTTGTGTTACTGCTCCAAAGCGCCGTGAAATCCCGCTGACTCCTGGCTATTATAATTATATGTGTATGTATGTATTACATATACGTGAGTGTGTGCTTGGCGTCGATGAATTGTATAGGTTAAGTCATGTTCTGACCCACTGGAACGACCTTTTTATACCTTATAGA	241	PASS
chrX:32393646	G	GACATCTTTGTGTTACTGCTCCAAAGCGCCGTGAAATCCCGCTGACTCCTGGCTATTATAATTATATGTGTATGTATGTATTACATATACGTGAGTGTGTGCTTGGCGTCGATGAATTGTATAGGTTAAGTCATGTTCTGACCCACTGGAACGACCTTTTTATACCTTATAGA	218	PASS
chrX:32487337	G	GACATCTTTGTGTTACTGCTCCAAAGCGCCGTGAAATCCCGCTGACTCCTGGCTATTATAATTATATGTGTATGTATGTATTACATATACGTGAGTGTGTGCTTGGCGTCGATGAATTGTATAGGTTAAGTCATGTTCTGACCCACTGGAACGACCTTTTTATACCTTATAGA	885	PASS
chrX:32557635	TA	GACATCTTTGTGTTACTGCTCCAAAGCGCCGTGAAATCCCGCTGACTCCTGGCTATTATAATTATATGTGTATGTATGTATTACATATACGTGAGTGTGTGCTTGGCGTCGATGAATTGTATAGGTTAAGTCATGTTCTGACCCACTGGAACGACCTTTTTATACCTTATAGA	378	PASS
chrX:32593016	AT	GACATCTTTGTGTTACTGCTCCAAAGCGCCGTGAAATCCCGCTGACTCCTGGCTATTATAATTATATGTGTATGTATGTATTACATATACGTGAGTGTGTGCTTGGCGTCGATGAATTGTATAGGTTAAGTCATGTTCTGACCCACTGGAACGACCTTTTTATACCTTATAGA	1084	PASS
chrX:32828836	T	GACATCTTTGTGTTACTGCTCCAAAGCGCCGTGAAATCCCGCTGACTCCTGGCTATTATAATTATATGTGTATGTATGTATTACATATACGTGAGTGTGTGCTTGGCGTCGATGAATTGTATAGGTTAAGTCATGTTCTGACCCACTGGAACGACCTTTTTATACCTTATAGA	605	PASS
chrX:32950534	T	GACATCTTTGTGTTACTGCTCCAAAGCGCCGTGAAATCCCGCTGACTCCTGGCTATTATAATTATATGTGTATGTATGTATTACATATACGTGAGTGTGTGCTTGGCGTCGATGAATTGTATAGGTTAAGTCATGTTCTGACCCACTGGAACGACCTTTTTATACCTTATAGA	674	PASS
chrX:33015208	A	GACATCTTTGTGTTACTGCTCCAAAGCGCCGTGAAATCCCGCTGACTCCTGGCTATTATAATTATATGTGTATGTATGTATTACATATACGTGAGTGTGTGCTTGGCGTCGATGAATTGTATAGGTTAAGTCATGTTCTGACCCACTGGAACGACCTTTTTATACCTTATAGA	504	PASS
chrX:33060008	T	GACATCTTTGTGTTACTGCTCCAAAGCGCCGTGAAATCCCGCTGACTCCTGGCTATTATAATTATATGTGTATGTATGTATTACATATACGTGAGTGTGTGCTTGGCGTCGATGAATTGTATAGGTTAAGTCATGTTCTGACCCACTGGAACGACCTTTTTATACCTTATAGA	279	PASS
chrX:33127697	T	GACATCTTTGTGTTACTGCTCCAAAGCGCCGTGAAATCCCGCTGACTCCTGGCTATTATAATTATATGTGTATGTATGTATTACATATACGTGAGTGTGTGCTTGGCGTCGATGAATTGTATAGGTTAAGTCATGTTCTGACCCACTGGAACGACCTTTTTATACCTTATAGA	848	PASS
chrX:33207009	A	GACATCTTTGTGTTACTGCTCCAAAGCGCCGTGAAATCCCGCTGACTCCTGGCTATTATAATTATATGTGTATGTATGTATTACATATACGTGAGTGTGTGCTTGGCGTCGATGAATTGTATAGGTTAAGTCATGTTCTGACCCACTGGAACGACCTTTTTATACCTTATAGA	549	PASS
chrX:33309838	G	GACATCTTTGTGTTACTGCTCCAAAGCGCCGTGAAATCCCGCTGACTCCTGGCTATTATAATTATATGTGTATGTATGTATTACATATACGTGAGTGTGTGCTTGGCGTCGATGAATTGTATAGGTTAAGTCATGTTCTGACCCACTGGAACGACCTTTTTATACCTTATAGA	598	PASS
